ID	TIPO	BAIRRO	PRECO (diario)	TIPO DE ALUGUEL	ANDAR	QUARTOS	AREA UTIL (m2)	AREA TOTAL (m2)
2462170720	APARTMENT	Jurerê Internacional	800.0	DAILY	0	2	60	60
2441207673	APARTMENT	Jurerê Internacional	950.0	DAILY	0	2	94	94
2449080774	APARTMENT	Jurerê Internacional	400.0	DAILY	0	2	67	67
2456758877	APARTMENT	Jurerê Internacional	700.0	DAILY	0	2	68	75
2435243881	APARTMENT	Jurerê Internacional	1000.0	DAILY	0	2	90	90
1040639654	APARTMENT	Jurerê Internacional	1200.0	DAILY	0	2	0	0
1037624448	APARTMENT	Jurerê Internacional	740.0	DAILY	0	2	0	0
2441207282	APARTMENT	Jurerê Internacional	850.0	DAILY	0	2	118	118
2451745718	HOME	Jurerê Internacional	800.0	DAILY	0	2	200	450
90370885	HOME	Jurerê Internacional	1000.0	DAILY	0	2	360	360
71907968	APARTMENT	Jurerê Internacional	750.0	DAILY	0	2	0	0
91289386	APARTMENT	Jurerê Internacional	800.0	DAILY	0	2	0	0
2445441966	APARTMENT	Jurerê Internacional	600.0	DAILY	0	2	82	146
91031360	APARTMENT	Jurerê Internacional	750.0	DAILY	0	2	0	0
84505837	APARTMENT	Jurerê Internacional	400.0	DAILY	2	2	80	95
2442130112	APARTMENT	Jurerê Internacional	1000.0	DAILY	0	2	90	90
2437924893	APARTMENT	Jurerê Internacional	450.0	DAILY	0	2	65	65
86091634	APARTMENT	Jurerê Internacional	650.0	DAILY	0	2	75	75
76274215	APARTMENT	Jurerê Internacional	750.0	DAILY	0	2	80	80
70604613	APARTMENT	Jurerê Internacional	800.0	DAILY	0	2	85	85
2433007077	APARTMENT	Jurerê Internacional	650.0	DAILY	0	2	95	95
85113738	PENTHOUSE	Jurerê Internacional	1100.0	DAILY	0	2	164	164
2437924895	APARTMENT	Jurerê Internacional	450.0	DAILY	0	2	50	50
74492676	APARTMENT	Jurerê Internacional	500.0	DAILY	0	2	52	52
85342522	APARTMENT	Jurerê Internacional	800.0	DAILY	0	2	94	94
51176647	APARTMENT	Jurerê Internacional	550.0	DAILY	0	2	80	80
51176441	APARTMENT	Jurerê Internacional	450.0	DAILY	0	2	80	80
63206924	APARTMENT	Jurerê Internacional	450.0	DAILY	0	2	55	55
51176543	APARTMENT	Jurerê Internacional	480.0	DAILY	0	2	76	76
51147503	APARTMENT	Jurerê Internacional	600.0	DAILY	0	2	85	85
51176397	APARTMENT	Jurerê Internacional	450.0	DAILY	0	2	55	55
51176653	APARTMENT	Jurerê Internacional	550.0	DAILY	0	2	55	55
51176728	APARTMENT	Jurerê Internacional	550.0	DAILY	0	2	55	55
51176758	APARTMENT	Jurerê Internacional	500.0	DAILY	0	2	75	75
51176467	APARTMENT	Jurerê Internacional	500.0	DAILY	0	2	90	450
51176577	APARTMENT	Jurerê Internacional	400.0	DAILY	0	2	76	76
51176317	APARTMENT	Jurerê Internacional	550.0	DAILY	0	2	67	67
51176715	APARTMENT	Jurerê Internacional	600.0	DAILY	0	2	55	55
51176311	APARTMENT	Jurerê Internacional	750.0	DAILY	0	2	65	65
74552418	APARTMENT	Jurerê Internacional	550.0	DAILY	0	2	68	68
1205245481	APARTMENT	Jurerê Internacional	800.0	DAILY	0	2	130	130
51176813	APARTMENT	Jurerê Internacional	450.0	DAILY	0	2	47	47
90358490	PENTHOUSE	Jurerê Internacional	750.0	DAILY	0	2	0	0
90742056	APARTMENT	Jurerê Internacional	550.0	DAILY	0	2	65	65
51176840	APARTMENT	Jurerê Internacional	650.0	DAILY	0	2	52	52
51176802	PENTHOUSE	Jurerê Internacional	1350.0	DAILY	0	2	55	55
51176789	APARTMENT	Jurerê Internacional	650.0	DAILY	0	2	63	63
51176575	APARTMENT	Jurerê Internacional	700.0	DAILY	0	2	111	111
85153489	APARTMENT	Jurerê Internacional	700.0	DAILY	0	2	0	0
2439184727	APARTMENT		800.0	DAILY	0	2	90	90
2437924894	APARTMENT	Jurerê Internacional	450.0	DAILY	0	2	50	50
86072588	APARTMENT	Jurerê Internacional	550.0	DAILY	0	2	0	0
74303957	APARTMENT		800.0	DAILY	0	2	80	80
76340381	APARTMENT	Jurerê Internacional	700.0	DAILY	0	2	95	95
51176428	APARTMENT	Jurerê Internacional	530.0	DAILY	0	2	78	78
69060252	APARTMENT	Jurerê Internacional	650.0	DAILY	0	2	84	84
76812280	APARTMENT	Jurerê Internacional	550.0	DAILY	0	2	0	0
64125369	HOME	Jurerê Internacional	750.0	DAILY	0	2	150	150
91031339	APARTMENT	Jurerê Internacional	550.0	DAILY	0	2	55	55
51176343	PENTHOUSE	Jurerê Internacional	900.0	DAILY	0	2	61	61
67585086	PENTHOUSE		690.0	DAILY	0	2	90	90
2463155075	CONDOMINIUM	Jurerê	1280.0	DAILY	2	4	300	450
1041324656	HOME	Jurerê	2200.0	DAILY	0	4	450	0
93216680	HOME	Jurerê	1900.0	DAILY	0	4	130	130
2435233078	CONDOMINIUM	Jurerê	3500.0	DAILY	0	4	450	450
2451746018	HOME	Jurerê	3750.0	DAILY	0	4	350	650
80653893	HOME	Jurerê	1650.0	DAILY	0	4	200	290
85057465	HOME	Jurerê	1500.0	DAILY	0	4	400	450
51147963	HOME	Jurerê	3000.0	DAILY	0	4	498	450
51176338	HOME	Jurerê	1100.0	DAILY	0	4	380	600
80597458	HOME	Jurerê	1700.0	DAILY	0	4	127	127
62034510	HOME	Jurerê	800.0	DAILY	0	4	350	450
1042814943	HOME	Jurerê	850.0	DAILY	0	4	0	0
78568370	HOME	Jurerê Internacional	20000.0	DAILY	0	4	436	612
51176574	HOME	Jurerê	1800.0	DAILY	0	4	400	450
93628032	HOME	Jurerê Internacional	20000.0	DAILY	0	4	436	612
68132028	HOME		2400.0	DAILY	0	4	300	300
2456591497	HOME	Jurerê	1200.0	DAILY	0	3	160	200
2453259138	PENTHOUSE	Jurerê	1800.0	DAILY	0	3	221	339
1041435840	APARTMENT	Jurerê	650.0	DAILY	0	3	0	0
2445442893	PENTHOUSE	Jurerê	600.0	DAILY	0	3	250	300
2451840592	HOME	Jurerê	1100.0	DAILY	0	3	180	450
2427999297	APARTMENT	Jurerê	1000.0	DAILY	0	3	115	115
1490075520	APARTMENT	Jurerê	900.0	DAILY	0	3	105	105
63180807	APARTMENT	Jurerê	2000.0	DAILY	0	3	100	100
51176582	PENTHOUSE	Jurerê	650.0	DAILY	0	3	105	105
71146680	PENTHOUSE	Jurerê Internacional	1000.0	DAILY	0	3	120	120
89487967	PENTHOUSE	Jurerê	1000.0	DAILY	0	3	0	0
51176296	APARTMENT	Jurerê	900.0	DAILY	0	3	87	87
82144773	PENTHOUSE	Jurerê	1000.0	DAILY	0	3	146	146
73735857	APARTMENT	Itacorubi	1380.0	DAILY	0	3	99	99
51176518	PENTHOUSE	Jurerê	650.0	DAILY	0	3	120	120
1040631454	HOME	Jurerê	1210.0	DAILY	0	3	100	100
51176625	APARTMENT	Jurerê	700.0	DAILY	0	3	90	90
51176548	PENTHOUSE	Jurerê	1000.0	DAILY	0	3	93	93
51176496	APARTMENT	Jurerê	600.0	DAILY	0	3	92	92
51176905	HOME	Jurerê	1000.0	DAILY	0	3	208	450
51176659	HOME	Jurerê	1400.0	DAILY	0	3	280	450
1040631442	HOME	Jurerê	1210.0	DAILY	0	3	120	120
56570290	APARTMENT	Jurerê	700.0	DAILY	0	3	87	87
76340411	APARTMENT	Jurerê	850.0	DAILY	0	3	96	96
1040631489	HOME	Jurerê	880.0	DAILY	0	3	150	150
60951710	HOME	Jurerê	700.0	DAILY	0	3	280	450
63948070	APARTMENT	Jurerê	1000.0	DAILY	0	3	96	96
73978715	PENTHOUSE	Jurerê	1100.0	DAILY	0	3	135	135
51176692	APARTMENT	Jurerê	720.0	DAILY	0	3	81	81
51176162	APARTMENT	Jurerê	720.0	DAILY	0	3	90	90
51176138	APARTMENT	Jurerê	720.0	DAILY	0	3	92	92
51176744	APARTMENT	Jurerê	720.0	DAILY	0	3	72	72
71908185	HOME	Jurerê	5490.0	DAILY	0	6	0	0
2451746019	HOME	Jurerê	3990.0	DAILY	0	6	320	450
51176595	HOME	Jurerê	3490.0	DAILY	0	6	520	600
2462085296	HOME	Jurerê	500.0	DAILY	0	2	0	0
81735157	APARTMENT	Jurerê	495.0	DAILY	0	2	0	0
2441202884	APARTMENT	Jurerê	500.0	DAILY	0	2	150	150
2454666715	HOME	Jurerê	550.0	DAILY	0	2	87	450
2458287229	APARTMENT	Jurerê	900.0	DAILY	0	2	0	0
2454721213	PENTHOUSE	Jurerê	1000.0	DAILY	0	2	103	156
85005128	APARTMENT	Jurerê	240.0	DAILY	0	2	78	78
2450192923	APARTMENT	Jurerê	400.0	DAILY	1	2	0	0
2093735473	APARTMENT	Jurerê	500.0	DAILY	0	2	80	0
2456756372	APARTMENT	Canasvieiras	500.0	DAILY	0	2	80	95
2280775493	APARTMENT	Jurerê	700.0	DAILY	0	2	0	0
2111375478	APARTMENT	Jurerê	500.0	DAILY	0	2	50	0
75260187	APARTMENT	Canasvieiras	750.0	DAILY	0	2	85	85
2453927180	APARTMENT	Canasvieiras	2500.0	DAILY	0	2	212	236
72005991	APARTMENT	Jurerê	250.0	DAILY	0	2	75	90
2435333374	APARTMENT	Jurerê	1200.0	DAILY	0	2	90	90
63852552	APARTMENT	Jurerê	500.0	DAILY	0	2	92	92
2453665981	APARTMENT	Jurerê	750.0	DAILY	0	2	81	100
1037264038	APARTMENT	Jurerê	750.0	DAILY	0	2	0	0
1039611605	APARTMENT	Jurerê	480.0	DAILY	0	2	75	0
1040127467	APARTMENT	Jurerê	600.0	DAILY	0	2	0	0
1037624396	APARTMENT	Jurerê	550.0	DAILY	0	2	76	0
75145795	PENTHOUSE	Jurerê	900.0	DAILY	0	2	90	90
1040983767	APARTMENT	Jurerê	600.0	DAILY	0	2	0	0
92090733	APARTMENT	Jurerê	750.0	DAILY	0	2	0	0
88227264	APARTMENT	Jurerê Internacional	600.0	DAILY	0	2	75	75
2441207087	APARTMENT	Jurerê	850.0	DAILY	0	2	13	13
2451746026	APARTMENT	Jurerê	700.0	DAILY	0	2	97	98
91358127	APARTMENT	Jurerê	450.0	DAILY	0	2	86	86
74390550	APARTMENT	Jurerê	550.0	DAILY	0	2	75	75
2446539696	APARTMENT	Jurerê	800.0	DAILY	0	2	75	120
2442128129	APARTMENT	Jurerê	1035.0	DAILY	0	2	75	103
71021717	APARTMENT	Jurerê	600.0	DAILY	0	2	62	62
51176611	APARTMENT	Jurerê	500.0	DAILY	0	2	85	85
51176796	APARTMENT	Jurerê	550.0	DAILY	0	2	55	55
93216586	HOME	Jurerê	650.0	DAILY	0	2	75	75
74102349	APARTMENT	Jurerê	700.0	DAILY	0	2	65	65
64148291	APARTMENT	Jurerê	450.0	DAILY	0	2	55	55
58177533	APARTMENT	Jurerê	590.0	DAILY	0	2	55	55
93216588	HOME	Jurerê	650.0	DAILY	0	2	75	75
51176169	APARTMENT	Jurerê	420.0	DAILY	0	2	90	90
93216576	HOME	Jurerê	780.0	DAILY	0	2	80	80
51176291	APARTMENT	Jurerê	600.0	DAILY	0	2	94	94
75397996	PENTHOUSE	Jurerê	600.0	DAILY	0	2	105	105
74009303	APARTMENT	Jurerê	600.0	DAILY	0	2	75	75
51147791	APARTMENT	Jurerê	450.0	DAILY	0	2	55	55
1041331745	HOME	Jurere Leste	730.0	DAILY	0	2	100	100
86640893	PENTHOUSE	Jurerê	700.0	DAILY	0	2	0	0
51176777	APARTMENT	Jurerê	450.0	DAILY	0	2	62	62
51176743	APARTMENT	Jurerê	500.0	DAILY	0	2	55	55
76340354	APARTMENT	Jurerê	700.0	DAILY	0	2	0	0
64372833	APARTMENT		800.0	DAILY	0	2	92	92
91031337	APARTMENT	Jurerê	500.0	DAILY	0	2	0	0
1667266003	APARTMENT	Jurerê	400.0	DAILY	0	2	70	0
1666265676	APARTMENT	Jurerê	400.0	DAILY	0	2	70	0
2462548878	HOME	Jurerê	1500.0	DAILY	2	5	350	500
57981311	HOME	Jurerê	6000.0	DAILY	0	5	500	1500
73012516	HOME	Jurerê	8000.0	DAILY	0	5	390	390
51176712	HOME	Jurerê	1000.0	DAILY	0	5	320	600
51176866	HOME	Jurerê	2000.0	DAILY	0	5	420	450
93628135	HOME	Jurerê	3000.0	DAILY	0	5	541	541
2461558173	HOME	Jurerê Internacional	3000.0	DAILY	2	5	400	550
2435251377	HOME	Jurerê Internacional	8000.0	DAILY	0	5	500	600
2453337369	HOME	Jurerê Internacional	1400.0	DAILY	1	5	271	450
2451737727	HOME	Jurerê Internacional	3000.0	DAILY	0	5	280	600
2435237991	HOME	Jurerê Internacional	3000.0	DAILY	0	5	450	600
69005538	HOME	Jurerê Internacional	4500.0	DAILY	0	5	0	0
2447722132	HOME	Jurerê Internacional	4500.0	DAILY	2	5	600	1000
2435237781	HOME	Jurerê Internacional	3900.0	DAILY	0	5	450	450
2433902475	HOME	Jurerê Internacional	3000.0	DAILY	0	5	420	0
1038775737	HOME	Jurerê Internacional	3300.0	DAILY	0	5	0	0
2459155075	HOME	Jurerê Internacional	2500.0	DAILY	3	5	0	0
1040555190	HOME	Jurerê Internacional	5000.0	DAILY	0	5	0	0
2455513194	HOME	Jurerê Internacional	2000.0	DAILY	0	5	0	0
1040115472	HOME	Jurerê Internacional	1500.0	DAILY	0	5	400	0
2435238092	HOME	Jurerê Internacional	2500.0	DAILY	0	5	400	450
2456753928	HOME	Jurerê Internacional	3700.0	DAILY	0	5	180	180
1040115958	HOME	Jurerê Internacional	9000.0	DAILY	0	5	650	0
1039636289	HOME	Jurerê Internacional	3500.0	DAILY	0	5	0	0
2436015942	HOME	Jurerê Internacional	5000.0	DAILY	0	5	500	600
2442559190	HOME	Jurerê Internacional	3500.0	DAILY	2	5	0	0
2458907432	CONDOMINIUM	Jurerê Internacional	7800.0	DAILY	0	5	511	549
1039609731	APARTMENT	Jurerê Internacional	3000.0	DAILY	0	5	0	0
2435309575	HOME	Jurerê Internacional	6000.0	DAILY	0	5	400	800
2435310381	HOME	Jurerê Internacional	4000.0	DAILY	2	5	350	450
2436019973	HOME	Jurerê Internacional	2000.0	DAILY	0	5	300	450
69005395	HOME	Jurerê Internacional	2800.0	DAILY	0	5	0	0
74509479	HOME	Jurerê Internacional	3500.0	DAILY	0	5	300	300
1040123568	HOME	Jurerê Internacional	3000.0	DAILY	0	5	400	0
1040438183	HOME	Jurerê Internacional	2200.0	DAILY	0	5	0	0
2435404780	HOME	Jurerê Internacional	2000.0	DAILY	0	5	400	600
2435153284	HOME	Jurerê Internacional	15000.0	DAILY	0	5	500	500
2451746617	HOME	Jurerê Internacional	6000.0	DAILY	0	5	400	600
2435321473	HOME	Jurerê Internacional	12000.0	DAILY	0	5	600	1000
71470605	HOME	Jurerê Internacional	2000.0	DAILY	0	5	400	400
2439185214	HOME	Jurerê Internacional	2750.0	DAILY	0	5	500	700
63944938	HOME	Jurerê Internacional	3000.0	DAILY	0	5	450	450
2439186095	HOME	Jurerê Internacional	3550.0	DAILY	0	5	400	650
72438763	HOME	Jurerê Internacional	5000.0	DAILY	0	5	530	600
86264502	HOME	Jurerê Internacional	2200.0	DAILY	0	5	0	0
67696646	HOME	Jurerê Internacional	2500.0	DAILY	0	5	490	450
51176594	HOME	Jurerê Internacional	3000.0	DAILY	0	5	673	673
51176854	HOME	Jurerê Internacional	1800.0	DAILY	0	5	220	220
59453090	HOME	Jurerê Internacional	2800.0	DAILY	0	5	400	600
54882327	HOME	Jurerê Internacional	4500.0	DAILY	0	5	700	651
51176593	HOME	Jurerê Internacional	2500.0	DAILY	0	5	454	600
51176612	HOME	Jurerê Internacional	2500.0	DAILY	0	5	380	450
51176762	HOME	Jurerê Internacional	1800.0	DAILY	0	5	280	450
51176501	HOME	Jurerê Internacional	4700.0	DAILY	0	5	500	600
51176627	HOME	Jurerê Internacional	4800.0	DAILY	0	5	1100	1100
51176364	HOME	Jurerê Internacional	1500.0	DAILY	0	5	410	450
74752894	HOME	Jurerê Internacional	6000.0	DAILY	0	5	185	185
1040639608	HOME	Jurerê Internacional	4000.0	DAILY	0	5	0	0
51176609	HOME	Jurerê Internacional	4500.0	DAILY	0	5	600	1000
51176693	HOME	Jurerê Internacional	3000.0	DAILY	0	5	300	450
63855627	HOME	Jurerê Internacional	2800.0	DAILY	0	5	360	360
91170478	HOME	Jurerê Internacional	2500.0	DAILY	0	5	380	520
71483435	HOME		9000.0	DAILY	0	5	400	400
51176487	HOME	Jurerê Internacional	4000.0	DAILY	0	5	638	600
51148017	HOME	Jurerê Internacional	1700.0	DAILY	0	5	280	450
51147577	HOME	Jurerê Internacional	2500.0	DAILY	0	5	420	450
51147895	HOME	Jurerê Internacional	3400.0	DAILY	0	5	430	600
76340352	HOME	Jurerê Internacional	3000.0	DAILY	0	5	0	0
2451746610	HOME	Jurerê Internacional	2500.0	DAILY	0	3	329	329
2437337092	APARTMENT	Jurerê Internacional	650.0	DAILY	0	3	0	0
2460977273	APARTMENT	Jurerê Internacional	1200.0	DAILY	2	3	0	0
2435248681	APARTMENT	Jurerê Internacional	2500.0	DAILY	0	3	140	140
2459520945	PENTHOUSE	Jurerê Internacional	1350.0	DAILY	0	3	0	0
2450369092	APARTMENT	Jurerê Internacional	300.0	DAILY	3	3	0	0
2456757054	APARTMENT	Jurerê Internacional	500.0	DAILY	0	3	89	95
2453665980	HOME	Jurerê Internacional	4500.0	DAILY	0	3	332	450
1810565482	APARTMENT	Jurerê Internacional	600.0	DAILY	0	3	95	1682
1037265656	APARTMENT	Jurerê Internacional	900.0	DAILY	0	3	0	0
71471944	PENTHOUSE		900.0	DAILY	0	3	150	150
2458658388	APARTMENT	Jurerê Internacional	700.0	DAILY	0	3	101	101
92329246	HOME	Jurerê Internacional	1200.0	DAILY	0	3	0	0
1037237848	HOME	Jurerê Internacional	2200.0	DAILY	0	3	330	0
85483790	APARTMENT	Jurerê Internacional	600.0	DAILY	0	3	110	110
2445443784	APARTMENT	Jurerê Internacional	900.0	DAILY	0	3	123	151
2454115653	APARTMENT	Jurerê Internacional	1500.0	DAILY	0	3	129	220
69005524	HOME	Jurerê Internacional	2300.0	DAILY	0	3	0	0
2445443382	APARTMENT	Jurerê	1650.0	DAILY	0	3	154	178
92336432	APARTMENT	Jurerê Internacional	1100.0	DAILY	0	3	0	0
74501499	APARTMENT	Jurerê Internacional	1800.0	DAILY	0	3	160	160
74824904	PENTHOUSE	Jurerê Internacional	1800.0	DAILY	0	3	230	230
75857548	PENTHOUSE	Jurerê Internacional	1300.0	DAILY	0	3	200	200
2441207299	PENTHOUSE	Jurerê Internacional	1800.0	DAILY	0	3	190	190
2433096197	APARTMENT	Jurerê Internacional	500.0	DAILY	0	3	94	94
2442129733	APARTMENT	Jurerê Internacional	1350.0	DAILY	0	3	120	180
73179543	HOME	Jurerê Internacional	2300.0	DAILY	0	3	230	450
74492768	APARTMENT	Jurerê Internacional	1200.0	DAILY	0	3	72	72
84437922	HOME	Jurerê Internacional	1800.0	DAILY	0	3	329	510
75144189	PENTHOUSE	Jurerê Internacional	1500.0	DAILY	0	3	130	130
75259051	HOME	Jurerê Internacional	1100.0	DAILY	0	3	120	120
85788602	PENTHOUSE	Jurerê Internacional	850.0	DAILY	0	3	110	110
85483488	HOME	Jurerê Internacional	450.0	DAILY	0	3	280	280
56570136	APARTMENT	Jurerê Internacional	900.0	DAILY	0	3	210	210
91031287	APARTMENT	Jurerê Internacional	750.0	DAILY	0	3	95	95
93999276	APARTMENT	Jurerê Internacional	900.0	DAILY	0	3	112	112
51176497	HOME	Jurerê Internacional	1500.0	DAILY	0	3	280	450
51176183	APARTMENT	Jurerê Internacional	800.0	DAILY	0	3	92	92
61173065	APARTMENT	Jurerê Internacional	850.0	DAILY	0	3	90	90
51176736	APARTMENT	Jurerê Internacional	900.0	DAILY	0	3	77	77
51176442	APARTMENT	Jurerê Internacional	600.0	DAILY	0	3	92	92
51176307	APARTMENT	Jurerê Internacional	750.0	DAILY	0	3	92	92
51176505	PENTHOUSE	Jurerê Internacional	900.0	DAILY	0	3	120	120
86536915	PENTHOUSE	Jurerê Internacional	1700.0	DAILY	0	3	106	106
56410797	APARTMENT	Jurerê Internacional	1000.0	DAILY	0	3	198	198
51176565	APARTMENT	Jurerê Internacional	1000.0	DAILY	0	3	106	106
51176711	APARTMENT	Jurerê Internacional	1200.0	DAILY	0	3	120	120
51176622	APARTMENT	Jurerê Internacional	1200.0	DAILY	0	3	105	105
51176856	APARTMENT	Jurerê Internacional	1000.0	DAILY	0	3	125	125
51176160	PENTHOUSE	Jurerê Internacional	1000.0	DAILY	0	3	165	165
51176634	APARTMENT	Jurerê Internacional	650.0	DAILY	0	3	77	77
51147391	APARTMENT	Jurerê Internacional	600.0	DAILY	0	3	80	80
55398987	PENTHOUSE	Jurerê Internacional	1800.0	DAILY	0	3	116	116
51176858	HOME	Jurerê Internacional	1000.0	DAILY	0	3	280	450
51176644	HOME	Jurerê Internacional	1200.0	DAILY	0	3	165	450
51176327	PENTHOUSE	Jurerê Internacional	1200.0	DAILY	0	3	77	77
90463543	APARTMENT	Jurerê Internacional	1200.0	DAILY	0	3	112	112
51176337	HOME	Jurerê Internacional	550.0	DAILY	0	3	280	450
51176429	APARTMENT	Jurerê Internacional	1200.0	DAILY	0	3	92	92
51176325	HOME	Jurerê Internacional	1200.0	DAILY	0	3	350	450
51176528	HOME	Jurerê Internacional	1000.0	DAILY	0	3	280	450
51176657	HOME	Jurerê Internacional	1800.0	DAILY	0	3	280	450
51147924	APARTMENT	Jurerê Internacional	1200.0	DAILY	0	3	127	127
51176767	HOME	Jurerê Internacional	1000.0	DAILY	0	3	280	450
90259890	PENTHOUSE	Jurerê Internacional	800.0	DAILY	0	3	0	0
73846741	HOME		1500.0	DAILY	0	3	300	450
77359484	APARTMENT	Jurerê Internacional	800.0	DAILY	0	3	0	0
76340425	APARTMENT	Jurerê Internacional	1000.0	DAILY	0	3	175	175
51176884	HOME	Jurerê Internacional	1000.0	DAILY	0	3	380	450
73655417	APARTMENT	Jurerê Internacional	1000.0	DAILY	0	3	0	0
51176641	PENTHOUSE	Jurerê Internacional	1000.0	DAILY	0	3	140	140
63854103	APARTMENT	Jurerê Internacional	1200.0	DAILY	0	3	110	110
61173021	HOME	Jurerê Internacional	700.0	DAILY	0	3	320	450
76340371	PENTHOUSE	Jurerê Internacional	1000.0	DAILY	0	3	105	105
2439185148	APARTMENT	Jurerê Internacional	1350.0	DAILY	0	3	102	102
51147588	HOME	Jurerê Internacional	1700.0	DAILY	0	3	0	0
77978737	APARTMENT	Jurerê Internacional	2000.0	DAILY	0	3	112	112
51176190	APARTMENT	Jurerê Internacional	1300.0	DAILY	0	3	105	105
51176341	APARTMENT	Jurerê Internacional	700.0	DAILY	0	3	92	92
2456361368	HOME	Jurerê Internacional	4000.0	DAILY	2	6	446	900
2435539473	HOME	Jurerê Internacional	8000.0	DAILY	0	6	700	800
2435239187	HOME	Jurerê Internacional	5900.0	DAILY	0	6	1000	1000
2456754044	HOME	Jurerê Internacional	1900.0	DAILY	0	6	200	200
1040305864	HOME	Jurerê Internacional	2500.0	DAILY	0	6	400	0
1042274668	HOME		4500.0	DAILY	0	6	0	0
1040120493	HOME	Jurerê Internacional	2500.0	DAILY	0	6	500	0
2437830398	HOME	Jurerê Internacional	2200.0	DAILY	0	6	0	0
1039609282	HOME	Jurerê Internacional	12000.0	DAILY	0	6	0	0
1039636321	HOME	Jurerê Internacional	4500.0	DAILY	0	6	600	0
1040115944	HOME	Jurerê Internacional	5000.0	DAILY	0	6	900	0
1040115914	HOME	Jurerê Internacional	2000.0	DAILY	0	6	0	0
51148038	HOME		3500.0	DAILY	0	6	420	600
76830449	HOME	Jurerê Internacional	8000.0	DAILY	0	6	350	800
51176454	HOME	Jurerê Internacional	2500.0	DAILY	0	6	450	600
51176323	HOME	Jurerê Internacional	4000.0	DAILY	0	6	420	450
51176914	HOME	Jurerê Internacional	2500.0	DAILY	0	6	450	600
75167493	HOME	Jurerê Internacional	2500.0	DAILY	0	6	407	407
1039636363	HOME	Jurerê Internacional	1500.0	DAILY	0	4	350	0
1038775736	HOME	Jurerê Internacional	3200.0	DAILY	0	4	0	0
69005467	HOME	Jurerê Internacional	2700.0	DAILY	0	4	0	0
2451105731	APARTMENT	Jurerê Internacional	220.0	DAILY	2	4	0	0
2435895922	HOME	Jurerê Internacional	2800.0	DAILY	0	4	413	450
2441206783	CONDOMINIUM	Jurerê Internacional	3000.0	DAILY	0	4	413	450
71908125	HOME	Jurerê Internacional	2630.0	DAILY	0	4	413	450
2457162098	HOME	Jurerê Internacional	2500.0	DAILY	0	4	0	0
2451841366	HOME	Jurerê Internacional	2500.0	DAILY	0	4	420	600
2459347042	HOME	Jurerê Internacional	1800.0	DAILY	2	4	0	0
1038775739	HOME	Jurerê Internacional	3600.0	DAILY	0	4	0	0
2456758876	HOME	Jurerê	1000.0	DAILY	0	4	180	180
2435240386	HOME	Jurerê Internacional	3500.0	DAILY	0	4	450	600
2447727579	HOME	Jurerê Internacional	2500.0	DAILY	2	4	0	0
2435395494	HOME	Jurerê Internacional	5000.0	DAILY	0	4	400	600
1040125696	HOME	Jurerê Internacional	5500.0	DAILY	0	4	0	0
69005503	HOME	Jurerê	3800.0	DAILY	0	4	450	450
2443537181	PENTHOUSE	Jurerê Internacional	720.0	DAILY	0	4	211	211
1040115892	HOME	Jurerê Internacional	3000.0	DAILY	0	4	380	0
2435405977	HOME	Jurerê Internacional	2500.0	DAILY	0	4	300	450
1040124843	HOME	Jurerê Internacional	1500.0	DAILY	0	4	0	0
2439186982	HOME	Jurerê Internacional	1000.0	DAILY	0	4	400	400
2442564880	HOME	Jurerê Internacional	2750.0	DAILY	2	4	413	450
2435411880	HOME	Jurerê Internacional	3000.0	DAILY	0	4	250	450
2451746027	HOME	Jurerê Internacional	6000.0	DAILY	0	4	380	450
2454442700	HOME	Jurerê Internacional	3000.0	DAILY	0	4	320	450
2435159178	HOME	Jurerê Internacional	4000.0	DAILY	0	4	450	450
2451746328	HOME	Jurerê Internacional	2500.0	DAILY	0	4	300	450
90925159	HOME	Jurerê Internacional	600.0	DAILY	0	4	0	0
2435471078	HOME	Jurerê Internacional	7000.0	DAILY	0	4	400	600
89105687	HOME	Jurerê Internacional	1500.0	DAILY	0	4	370	450
2439185218	HOME	Jurerê Internacional	3850.0	DAILY	0	4	500	500
75366203	HOME	Jurerê Internacional	2000.0	DAILY	0	4	240	240
2435248473	HOME	Jurerê Internacional	8000.0	DAILY	0	4	500	600
75235754	HOME	Jurerê Internacional	2500.0	DAILY	0	4	350	350
76327447	HOME	Jurerê Internacional	2950.0	DAILY	0	4	300	300
1042934530	HOME	Jurerê Internacional	4000.0	DAILY	0	4	420	450
74733049	HOME	Jurerê Internacional	2500.0	DAILY	0	4	300	450
69005450	HOME	Jurerê Internacional	1500.0	DAILY	0	4	0	0
2445973099	HOME	Jurerê Internacional	2000.0	DAILY	0	4	145	450
2441207084	CONDOMINIUM	Jurerê Internacional	2500.0	DAILY	0	4	317	450
75136924	HOME	Jurerê Internacional	3200.0	DAILY	0	4	500	500
2439181632	HOME	Jurerê	2400.0	DAILY	0	4	280	450
2451746517	HOME	Jurerê Internacional	3000.0	DAILY	0	4	350	500
2451839427	HOME	Jurerê Internacional	1700.0	DAILY	0	4	380	450
84986286	HOME	Jurerê Internacional	1300.0	DAILY	0	4	350	350
74949844	HOME	Jurerê Internacional	2500.0	DAILY	0	4	320	320
2435235511	HOME	Jurerê Internacional	3500.0	DAILY	0	4	350	450
2442134791	HOME	Jurerê Internacional	1800.0	DAILY	0	4	230	550
89307734	HOME	Jurerê Internacional	1800.0	DAILY	0	4	470	450
1862405473	HOME	Jurerê Internacional	3500.0	DAILY	0	4	539	600
89487383	HOME	Jurerê Internacional	1600.0	DAILY	0	4	300	450
75828501	HOME	Jurerê Internacional	2500.0	DAILY	0	4	250	250
74752936	HOME		1800.0	DAILY	0	4	285	285
63852258	HOME	Jurerê Internacional	3000.0	DAILY	0	4	350	450
51176620	HOME	Jurerê Internacional	1000.0	DAILY	0	4	420	450
89988065	HOME	Jurerê Internacional	2000.0	DAILY	0	4	382	382
73846766	HOME	Jurerê Internacional	1800.0	DAILY	0	4	210	210
74498272	HOME	Jurerê Internacional	2500.0	DAILY	0	4	343	343
86163699	HOME	Jurerê Internacional	1600.0	DAILY	0	4	0	0
74900950	HOME	Jurerê Internacional	6000.0	DAILY	0	4	230	750
75259028	HOME	Jurerê Internacional	2400.0	DAILY	0	4	165	165
73655666	APARTMENT	Jurerê	1300.0	DAILY	0	4	145	145
51176626	HOME	Jurerê Internacional	2000.0	DAILY	0	4	330	330
51176637	HOME	Jurerê Internacional	1700.0	DAILY	0	4	245	518
51176578	HOME	Jurerê Internacional	2000.0	DAILY	0	4	300	450
51176792	HOME	Jurerê Internacional	1800.0	DAILY	0	4	380	450
51147853	HOME	Jurerê Internacional	3500.0	DAILY	0	4	320	450
51176667	HOME	Jurerê Internacional	1200.0	DAILY	0	4	380	450
51148050	HOME	Jurerê Internacional	8000.0	DAILY	0	4	380	450
51176748	HOME	Jurerê Internacional	1950.0	DAILY	0	4	350	450
59781190	HOME	Jurerê Internacional	1800.0	DAILY	0	4	420	450
1042690432	HOME	Jurerê Internacional	1600.0	DAILY	0	4	0	0
51176863	HOME	Jurerê Internacional	1800.0	DAILY	0	4	320	450
51147936	HOME	Jurerê Internacional	7000.0	DAILY	0	4	300	450
2447753936	HOME	Jurerê Internacional	4000.0	DAILY	2	8	500	600
2458910375	HOME	Jurerê Internacional	7000.0	DAILY	0	8	718	620
51147366	HOME	Jurerê Internacional	3500.0	DAILY	0	8	520	600
2445083419	HOME	Jurerê Internacional	3000.0	DAILY	2	7	0	0
2435252178	HOME	Jurerê Internacional	6000.0	DAILY	0	7	600	600
1040305447	HOME	Jurerê Internacional	4000.0	DAILY	0	7	650	0
2435246774	CONDOMINIUM	Jurerê Internacional	5000.0	DAILY	0	7	1200	1200
2435228578	HOME	Jurerê Internacional	6500.0	DAILY	0	7	700	700
1039636382	HOME	Jurerê Internacional	7000.0	DAILY	0	7	0	0
1040115930	HOME	Jurerê Internacional	2500.0	DAILY	0	7	500	0
2435412678	HOME	Jurerê Internacional	5500.0	DAILY	0	7	400	450
2451746332	HOME	Jurerê Internacional	3200.0	DAILY	0	7	293	450
71908155	HOME	Jurerê Internacional	6000.0	DAILY	0	7	0	0
1040305301	HOME	Jurerê Internacional	2500.0	DAILY	0	7	0	0
74757475	HOME	Jurerê Internacional	5500.0	DAILY	0	7	400	400
51176628	HOME	Jurerê Internacional	2500.0	DAILY	0	7	580	600
51176738	HOME	Jurerê Internacional	4000.0	DAILY	0	7	500	600
89652022	HOME	Jurerê Internacional	3800.0	DAILY	0	7	0	0
51147939	HOME	Jurerê Internacional	4000.0	DAILY	0	7	520	600
71461806	HOME		9500.0	DAILY	0	7	450	450
